104.18.84.145 | HKG | Asia Pacific | Hong Kong | 43 ms
104.18.82.12 | HKG | Asia Pacific | Hong Kong | 43 ms
104.17.190.22 | HKG | Asia Pacific | Hong Kong | 43 ms
104.16.196.65 | HKG | Asia Pacific | Hong Kong | 43 ms
104.16.9.59 | HKG | Asia Pacific | Hong Kong | 44 ms
104.19.192.225 | HKG | Asia Pacific | Hong Kong | 44 ms
104.18.190.109 | HKG | Asia Pacific | Hong Kong | 44 ms
104.18.146.86 | HKG | Asia Pacific | Hong Kong | 44 ms
104.18.83.123 | HKG | Asia Pacific | Hong Kong | 45 ms
104.18.80.59 | HKG | Asia Pacific | Hong Kong | 45 ms
104.16.246.219 | HKG | Asia Pacific | Hong Kong | 45 ms
198.41.195.76 | HKG | Asia Pacific | Hong Kong | 45 ms
104.17.205.7 | HKG | Asia Pacific | Hong Kong | 45 ms
104.19.213.249 | HKG | Asia Pacific | Hong Kong | 45 ms
104.18.68.139 | HKG | Asia Pacific | Hong Kong | 45 ms
141.101.123.242 | HKG | Asia Pacific | Hong Kong | 45 ms
104.18.225.51 | HKG | Asia Pacific | Hong Kong | 45 ms
